,Country,year,purity,price,Drug
0,Austria,2002,8.0,,Heroin
1,Belgium,2002,,,Heroin
2,Bulgaria,2002,,,Heroin
3,Croatia,2002,,,Heroin
4,Cyprus,2002,,,Heroin
5,Czechia,2002,22.5,45.0,Heroin
6,Denmark,2002,25.0,80.0,Heroin
7,Estonia,2002,,,Heroin
8,Finland,2002,,,Heroin
9,France,2002,11.0,,Heroin
10,Germany,2002,,,Heroin
11,Greece,2002,,,Heroin
12,Hungary,2002,,29.0,Heroin
13,Ireland,2002,29.6,190.0,Heroin
14,Italy,2002,15.55,,Heroin
15,Latvia,2002,20.0,,Heroin
16,Lithuania,2002,,56.0,Heroin
17,Luxembourg,2002,9.97,,Heroin
18,Malta,2002,,,Heroin
19,Netherlands,2002,,,Heroin
20,Norway,2002,33.0,125.0,Heroin
21,Poland,2002,,,Heroin
22,Portugal,2002,15.5,43.78,Heroin
23,Romania,2002,,37.5,Heroin
24,Slovakia,2002,6.3,,Heroin
25,Slovenia,2002,,,Heroin
26,Spain,2002,34.0,86.65,Heroin
27,Sweden,2002,,161.0,Heroin
28,Turkey,2002,49.83,9.0,Heroin
29,United Kingdom,2002,40.0,91.5,Heroin
30,Austria,2003,6.0,,Heroin
31,Belgium,2003,,,Heroin
32,Bulgaria,2003,15.0,,Heroin
33,Croatia,2003,,,Heroin
34,Cyprus,2003,,,Heroin
35,Czechia,2003,11.8,36.1,Heroin
36,Denmark,2003,25.0,,Heroin
37,Estonia,2003,,128.0,Heroin
38,Finland,2003,,,Heroin
39,France,2003,,,Heroin
40,Germany,2003,,,Heroin
41,Greece,2003,15.7,,Heroin
42,Hungary,2003,,30.0,Heroin
43,Ireland,2003,,,Heroin
44,Italy,2003,12.75,,Heroin
45,Latvia,2003,14.0,,Heroin
46,Lithuania,2003,,30.0,Heroin
47,Luxembourg,2003,12.5,,Heroin
48,Malta,2003,40.0,,Heroin
49,Netherlands,2003,,,Heroin
50,Norway,2003,23.0,125.0,Heroin
51,Poland,2003,,,Heroin
52,Portugal,2003,17.2,46.8,Heroin
53,Romania,2003,,54.0,Heroin
54,Slovakia,2003,10.2,,Heroin
55,Slovenia,2003,,39.5,Heroin
56,Spain,2003,32.0,93.61,Heroin
57,Sweden,2003,,144.0,Heroin
58,Turkey,2003,34.15,10.0,Heroin
59,United Kingdom,2003,32.7,88.33,Heroin
60,Austria,2004,14.0,60.0,Heroin
61,Belgium,2004,,,Heroin
62,Bulgaria,2004,10.0,,Heroin
63,Croatia,2004,,,Heroin
64,Cyprus,2004,,,Heroin
65,Czechia,2004,12.0,32.9,Heroin
66,Denmark,2004,25.0,,Heroin
67,Estonia,2004,,,Heroin
68,Finland,2004,,,Heroin
69,France,2004,11.0,,Heroin
70,Germany,2004,,39.5,Heroin
71,Greece,2004,14.4,,Heroin
72,Hungary,2004,,47.1,Heroin
73,Ireland,2004,,,Heroin
74,Italy,2004,14.81,54.35,Heroin
75,Latvia,2004,,,Heroin
76,Lithuania,2004,,46.3,Heroin
77,Luxembourg,2004,17.07,,Heroin
78,Malta,2004,30.0,,Heroin
79,Netherlands,2004,,,Heroin
80,Norway,2004,24.0,125.0,Heroin
81,Poland,2004,,,Heroin
82,Portugal,2004,18.8,46.54,Heroin
83,Romania,2004,,20.0,Heroin
84,Slovakia,2004,,,Heroin
85,Slovenia,2004,12.1,35.4,Heroin
86,Spain,2004,29.5,94.78,Heroin
87,Sweden,2004,,141.0,Heroin
88,Turkey,2004,48.34,12.0,Heroin
89,United Kingdom,2004,39.9,79.21,Heroin
90,Austria,2005,8.4,55.0,Heroin
91,Belgium,2005,,,Heroin
92,Bulgaria,2005,19.0,,Heroin
93,Croatia,2005,19.0,35.0,Heroin
94,Cyprus,2005,,,Heroin
95,Czechia,2005,41.5,37.5,Heroin
96,Denmark,2005,31.0,,Heroin
97,Estonia,2005,,127.8,Heroin
98,Finland,2005,,,Heroin
99,France,2005,11.4,,Heroin
100,Germany,2005,,35.0,Heroin
101,Greece,2005,22.2,,Heroin
102,Hungary,2005,,46.7,Heroin
103,Ireland,2005,,,Heroin
104,Italy,2005,,54.35,Heroin
105,Latvia,2005,44.0,,Heroin
106,Lithuania,2005,,34.78,Heroin
107,Luxembourg,2005,28.18,,Heroin
108,Malta,2005,38.6,,Heroin
109,Netherlands,2005,,,Heroin
110,Norway,2005,26.0,125.0,Heroin
111,Poland,2005,,,Heroin
112,Portugal,2005,18.5,41.01,Heroin
113,Romania,2005,,,Heroin
114,Slovakia,2005,,,Heroin
115,Slovenia,2005,16.5,,Heroin
116,Spain,2005,32.5,63.69,Heroin
117,Sweden,2005,,143.0,Heroin
118,Turkey,2005,51.56,8.0,Heroin
119,United Kingdom,2005,46.5,79.52,Heroin
120,Austria,2006,6.16,60.0,Heroin
121,Belgium,2006,,,Heroin
122,Bulgaria,2006,29.0,,Heroin
123,Croatia,2006,19.0,30.0,Heroin
124,Cyprus,2006,,,Heroin
125,Czechia,2006,7.9,39.7,Heroin
126,Denmark,2006,18.0,,Heroin
127,Estonia,2006,,73.7,Heroin
128,Finland,2006,,,Heroin
129,France,2006,12.0,,Heroin
130,Germany,2006,,36.7,Heroin
131,Greece,2006,15.9,,Heroin
132,Hungary,2006,,50.8,Heroin
133,Ireland,2006,,,Heroin
134,Italy,2006,,52.99,Heroin
135,Latvia,2006,,,Heroin
136,Lithuania,2006,,46.21,Heroin
137,Luxembourg,2006,14.48,,Heroin
138,Malta,2006,32.2,16.0,Heroin
139,Netherlands,2006,,40.0,Heroin
140,Norway,2006,22.0,137.5,Heroin
141,Poland,2006,,,Heroin
142,Portugal,2006,18.9,42.17,Heroin
143,Romania,2006,,,Heroin
144,Slovakia,2006,,,Heroin
145,Slovenia,2006,20.9,37.5,Heroin
146,Spain,2006,32.0,62.42,Heroin
147,Sweden,2006,,113.0,Heroin
148,Turkey,2006,36.0,14.5,Heroin
149,United Kingdom,2006,43.5,77.27,Heroin
150,Austria,2007,9.1,80.0,Heroin
151,Belgium,2007,,,Heroin
152,Bulgaria,2007,22.0,,Heroin
153,Croatia,2007,24.0,30.0,Heroin
154,Cyprus,2007,,,Heroin
155,Czechia,2007,17.4,40.2,Heroin
156,Denmark,2007,22.0,96.3,Heroin
157,Estonia,2007,,,Heroin
158,Finland,2007,,,Heroin
159,France,2007,12.0,,Heroin
160,Germany,2007,,35.6,Heroin
161,Greece,2007,19.32,,Heroin
162,Hungary,2007,,51.3,Heroin
163,Ireland,2007,,,Heroin
164,Italy,2007,,50.94,Heroin
165,Latvia,2007,,138.6,Heroin
166,Lithuania,2007,,46.21,Heroin
167,Luxembourg,2007,14.95,,Heroin
168,Malta,2007,,81.55,Heroin
169,Netherlands,2007,,30.0,Heroin
170,Norway,2007,35.0,,Heroin
171,Poland,2007,,,Heroin
172,Portugal,2007,25.1,37.57,Heroin
173,Romania,2007,,,Heroin
174,Slovakia,2007,,,Heroin
175,Slovenia,2007,29.6,,Heroin
176,Spain,2007,32.5,62.69,Heroin
177,Sweden,2007,,118.52,Heroin
178,Turkey,2007,56.4,,Heroin
179,United Kingdom,2007,49.8,70.18,Heroin
180,Austria,2008,11.3,80.0,Heroin
181,Belgium,2008,,,Heroin
182,Bulgaria,2008,31.0,,Heroin
183,Croatia,2008,23.0,30.0,Heroin
184,Cyprus,2008,,,Heroin
185,Czechia,2008,22.6,40.1,Heroin
186,Denmark,2008,18.0,107.0,Heroin
187,Estonia,2008,,,Heroin
188,Finland,2008,,,Heroin
189,France,2008,10.8,,Heroin
190,Germany,2008,,36.2,Heroin
191,Greece,2008,,,Heroin
192,Hungary,2008,,52.5,Heroin
193,Ireland,2008,,,Heroin
194,Italy,2008,,46.5,Heroin
195,Latvia,2008,,106.7,Heroin
196,Lithuania,2008,,47.21,Heroin
197,Luxembourg,2008,14.5,,Heroin
198,Malta,2008,27.5,130.0,Heroin
199,Netherlands,2008,,40.0,Heroin
200,Norway,2008,31.0,,Heroin
201,Poland,2008,,,Heroin
202,Portugal,2008,31.9,33.25,Heroin
203,Romania,2008,43.0,,Heroin
204,Slovakia,2008,,38.0,Heroin
205,Slovenia,2008,24.0,40.0,Heroin
206,Spain,2008,32.5,62.59,Heroin
207,Sweden,2008,38.0,130.17,Heroin
208,Turkey,2008,7.0,,Heroin
209,United Kingdom,2008,42.7,56.65,Heroin
210,Austria,2009,12.9,,Heroin
211,Belgium,2009,,,Heroin
212,Bulgaria,2009,31.4,,Heroin
213,Croatia,2009,21.5,30.0,Heroin
214,Cyprus,2009,,,Heroin
215,Czechia,2009,16.6,48.3,Heroin
216,Denmark,2009,18.0,95.0,Heroin
217,Estonia,2009,,,Heroin
218,Finland,2009,,,Heroin
219,France,2009,13.5,,Heroin
220,Germany,2009,,36.9,Heroin
221,Greece,2009,,,Heroin
222,Hungary,2009,,43.0,Heroin
223,Ireland,2009,,,Heroin
224,Italy,2009,,41.45,Heroin
225,Latvia,2009,,114.0,Heroin
226,Lithuania,2009,,52.17,Heroin
227,Luxembourg,2009,16.84,,Heroin
228,Malta,2009,35.6,70.0,Heroin
229,Netherlands,2009,,40.0,Heroin
230,Norway,2009,25.0,,Heroin
231,Poland,2009,,,Heroin
232,Portugal,2009,32.4,36.62,Heroin
233,Romania,2009,35.92,,Heroin
234,Slovakia,2009,,35.0,Heroin
235,Slovenia,2009,24.7,40.0,Heroin
236,Spain,2009,31.5,61.79,Heroin
237,Sweden,2009,32.0,135.03,Heroin
238,Turkey,2009,37.0,,Heroin
239,United Kingdom,2009,44.4,50.55,Heroin
240,Austria,2010,12.9,,Heroin
241,Belgium,2010,,,Heroin
242,Bulgaria,2010,27.2,,Heroin
243,Croatia,2010,17.8,50.7,Heroin
244,Cyprus,2010,,,Heroin
245,Czechia,2010,24.6,50.58,Heroin
246,Denmark,2010,22.0,83.5,Heroin
247,Estonia,2010,,,Heroin
248,Finland,2010,,,Heroin
249,France,2010,13.2,,Heroin
250,Germany,2010,,36.2,Heroin
251,Greece,2010,,,Heroin
252,Hungary,2010,,40.7,Heroin
253,Ireland,2010,,,Heroin
254,Italy,2010,,41.95,Heroin
255,Latvia,2010,,132.5,Heroin
256,Lithuania,2010,,57.63,Heroin
257,Luxembourg,2010,17.4,,Heroin
258,Malta,2010,29.7,73.0,Heroin
259,Netherlands,2010,,41.0,Heroin
260,Norway,2010,21.0,,Heroin
261,Poland,2010,,,Heroin
262,Portugal,2010,27.4,35.32,Heroin
263,Romania,2010,,,Heroin
264,Slovakia,2010,,40.0,Heroin
265,Slovenia,2010,19.0,23.0,Heroin
266,Spain,2010,31.5,60.71,Heroin
267,Sweden,2010,26.5,160.1,Heroin
268,Turkey,2010,57.0,23.5,Heroin
269,United Kingdom,2010,34.9,46.66,Heroin
270,Austria,2011,5.8,,Heroin
271,Belgium,2011,,,Heroin
272,Bulgaria,2011,13.3,,Heroin
273,Croatia,2011,8.0,47.0,Heroin
274,Cyprus,2011,,,Heroin
275,Czechia,2011,14.0,44.0,Heroin
276,Denmark,2011,15.0,83.5,Heroin
277,Estonia,2011,,,Heroin
278,Finland,2011,,,Heroin
279,France,2011,7.7,,Heroin
280,Germany,2011,,42.4,Heroin
281,Greece,2011,12.8,,Heroin
282,Hungary,2011,,41.2,Heroin
283,Ireland,2011,,,Heroin
284,Italy,2011,,41.95,Heroin
285,Latvia,2011,,,Heroin
286,Lithuania,2011,,55.03,Heroin
287,Luxembourg,2011,10.08,,Heroin
288,Malta,2011,28.5,55.5,Heroin
289,Netherlands,2011,,43.0,Heroin
290,Norway,2011,15.0,,Heroin
291,Poland,2011,,,Heroin
292,Portugal,2011,12.8,35.74,Heroin
293,Romania,2011,,,Heroin
294,Slovakia,2011,,35.0,Heroin
295,Slovenia,2011,6.9,,Heroin
296,Spain,2011,30.5,59.13,Heroin
297,Sweden,2011,12.5,143.0,Heroin
298,Turkey,2011,43.57,,Heroin
299,United Kingdom,2011,17.6,,Heroin
300,Austria,2012,6.43,,Heroin
301,Belgium,2012,,,Heroin
302,Bulgaria,2012,13.7,,Heroin
303,Croatia,2012,8.7,53.3,Heroin
304,Cyprus,2012,,,Heroin
305,Czechia,2012,14.7,43.0,Heroin
306,Denmark,2012,11.0,83.5,Heroin
307,Estonia,2012,,,Heroin
308,Finland,2012,,,Heroin
309,France,2012,7.0,,Heroin
310,Germany,2012,,42.9,Heroin
311,Greece,2012,15.0,,Heroin
312,Hungary,2012,,38.9,Heroin
313,Ireland,2012,,150.0,Heroin
314,Italy,2012,,41.45,Heroin
315,Latvia,2012,,119.15,Heroin
316,Lithuania,2012,,63.7,Heroin
317,Luxembourg,2012,9.6,,Heroin
318,Malta,2012,20.0,66.0,Heroin
319,Netherlands,2012,,34.0,Heroin
320,Norway,2012,13.0,114.0,Heroin
321,Poland,2012,,,Heroin
322,Portugal,2012,11.5,28.04,Heroin
323,Romania,2012,,,Heroin
324,Slovakia,2012,,,Heroin
325,Slovenia,2012,8.5,,Heroin
326,Spain,2012,31.0,58.8,Heroin
327,Sweden,2012,19.0,181.0,Heroin
328,Turkey,2012,33.63,,Heroin
329,United Kingdom,2012,19.5,,Heroin
330,Austria,2013,7.59,,Heroin
331,Belgium,2013,,,Heroin
332,Bulgaria,2013,17.3,,Heroin
333,Croatia,2013,11.2,53.5,Heroin
334,Cyprus,2013,,,Heroin
335,Czechia,2013,20.19,42.5,Heroin
336,Denmark,2013,19.0,,Heroin
337,Estonia,2013,,,Heroin
338,Finland,2013,,,Heroin
339,France,2013,11.3,,Heroin
340,Germany,2013,,49.1,Heroin
341,Greece,2013,,,Heroin
342,Hungary,2013,,38.3,Heroin
343,Ireland,2013,,,Heroin
344,Italy,2013,,41.2,Heroin
345,Latvia,2013,,121.0,Heroin
346,Lithuania,2013,,59.1,Heroin
347,Luxembourg,2013,13.9,,Heroin
348,Malta,2013,21.0,58.0,Heroin
349,Netherlands,2013,,34.6,Heroin
350,Norway,2013,17.0,,Heroin
351,Poland,2013,,,Heroin
352,Portugal,2013,12.6,25.64,Heroin
353,Romania,2013,,,Heroin
354,Slovakia,2013,,,Heroin
355,Slovenia,2013,9.0,,Heroin
356,Spain,2013,28.5,57.31,Heroin
357,Sweden,2013,21.0,158.0,Heroin
358,Turkey,2013,41.51,,Heroin
359,United Kingdom,2013,29.0,,Heroin
360,Austria,2014,11.89,,Heroin
361,Belgium,2014,,,Heroin
362,Bulgaria,2014,26.8,,Heroin
363,Croatia,2014,14.5,59.1,Heroin
364,Cyprus,2014,,,Heroin
365,Czechia,2014,29.31,37.6,Heroin
366,Denmark,2014,25.0,70.0,Heroin
367,Estonia,2014,,,Heroin
368,Finland,2014,,,Heroin
369,France,2014,14.9,,Heroin
370,Germany,2014,,43.5,Heroin
371,Greece,2014,51.7,,Heroin
372,Hungary,2014,,39.5,Heroin
373,Ireland,2014,,140.0,Heroin
374,Italy,2014,,39.13,Heroin
375,Latvia,2014,,,Heroin
376,Lithuania,2014,,62.85,Heroin
377,Luxembourg,2014,13.52,,Heroin
378,Malta,2014,,48.0,Heroin
379,Netherlands,2014,,34.2,Heroin
380,Norway,2014,20.0,,Heroin
381,Poland,2014,,,Heroin
382,Portugal,2014,14.0,31.47,Heroin
383,Romania,2014,,,Heroin
384,Slovakia,2014,,61.0,Heroin
385,Slovenia,2014,10.8,,Heroin
386,Spain,2014,31.0,56.92,Heroin
387,Sweden,2014,24.7,119.0,Heroin
388,Turkey,2014,32.92,,Heroin
389,United Kingdom,2014,36.0,,Heroin
390,Austria,2015,13.67,,Heroin
391,Belgium,2015,,,Heroin
392,Bulgaria,2015,33.7,,Heroin
393,Croatia,2015,14.8,58.7,Heroin
394,Cyprus,2015,,,Heroin
395,Czechia,2015,25.14,38.4,Heroin
396,Denmark,2015,21.0,80.0,Heroin
397,Estonia,2015,,,Heroin
398,Finland,2015,,,Heroin
399,France,2015,16.0,,Heroin
400,Germany,2015,,50.2,Heroin
401,Greece,2015,28.7,,Heroin
402,Hungary,2015,,40.0,Heroin
403,Ireland,2015,,140.0,Heroin
404,Italy,2015,,38.91,Heroin
405,Latvia,2015,,,Heroin
406,Lithuania,2015,,46.7,Heroin
407,Luxembourg,2015,11.93,,Heroin
408,Malta,2015,20.0,60.0,Heroin
409,Netherlands,2015,,38.7,Heroin
410,Norway,2015,19.0,,Heroin
411,Poland,2015,,,Heroin
412,Portugal,2015,19.5,31.61,Heroin
413,Romania,2015,,,Heroin
414,Slovakia,2015,,66.0,Heroin
415,Slovenia,2015,13.3,,Heroin
416,Spain,2015,33.0,57.97,Heroin
417,Sweden,2015,,135.0,Heroin
418,Turkey,2015,34.29,,Heroin
419,United Kingdom,2015,44.0,,Heroin
420,Austria,2016,13.67,,Heroin
421,Belgium,2016,21.25,,Heroin
422,Bulgaria,2016,,,Heroin
423,Croatia,2016,14.7,58.7,Heroin
424,Cyprus,2016,,,Heroin
425,Czechia,2016,,39.72,Heroin
426,Denmark,2016,19.0,104.0,Heroin
427,Estonia,2016,0.0,15.0,Heroin
428,Finland,2016,40.0,,Heroin
429,France,2016,14.6,,Heroin
430,Germany,2016,,,Heroin
431,Greece,2016,30.3,22.5,Heroin
432,Hungary,2016,21.0,,Heroin
433,Ireland,2016,,140.0,Heroin
434,Italy,2016,,38.71,Heroin
435,Latvia,2016,18.08,,Heroin
436,Lithuania,2016,,,Heroin
437,Luxembourg,2016,11.045,,Heroin
438,Malta,2016,,77.0,Heroin
439,Netherlands,2016,41.2,,Heroin
440,Norway,2016,19.0,,Heroin
441,Poland,2016,,,Heroin
442,Portugal,2016,15.5,35.46,Heroin
443,Romania,2016,32.41,0.0,Heroin
444,Slovakia,2016,,65.0,Heroin
445,Slovenia,2016,11.9,,Heroin
446,Spain,2016,31.5,57.78,Heroin
447,Sweden,2016,24.0,129.0,Heroin
448,Turkey,2016,27.37,,Heroin
449,United Kingdom,2016,43.0,,Heroin
450,Austria,2017,15.02,,Heroin
451,Belgium,2017,27.3,,Heroin
452,Bulgaria,2017,,,Heroin
453,Croatia,2017,21.1,58.5,Heroin
454,Cyprus,2017,,,Heroin
455,Czechia,2017,,45.3355188,Heroin
456,Denmark,2017,11.5,104.0,Heroin
457,Estonia,2017,32.0,15.0,Heroin
458,Finland,2017,31.0,,Heroin
459,France,2017,16.45,,Heroin
460,Germany,2017,,,Heroin
461,Greece,2017,18.3,17.5,Heroin
462,Hungary,2017,28.0,,Heroin
463,Ireland,2017,,140.0,Heroin
464,Italy,2017,,45.72,Heroin
465,Latvia,2017,16.88,,Heroin
466,Lithuania,2017,,,Heroin
467,Luxembourg,2017,12.1,,Heroin
468,Malta,2017,,26.0,Heroin
469,Netherlands,2017,51.3,,Heroin
470,Norway,2017,15.0,91.73,Heroin
471,Poland,2017,,,Heroin
472,Portugal,2017,15.2,34.6,Heroin
473,Romania,2017,,,Heroin
474,Slovakia,2017,,,Heroin
475,Slovenia,2017,11.8,,Heroin
476,Spain,2017,31.5,57.41,Heroin
477,Sweden,2017,,89.0,Heroin
478,Turkey,2017,27.494,,Heroin
479,United Kingdom,2017,37.5,,Heroin
480,Austria,2018,15.02,,Heroin
481,Belgium,2018,28.87,,Heroin
482,Bulgaria,2018,,,Heroin
483,Croatia,2018,20.5,28.0,Heroin
484,Cyprus,2018,,,Heroin
485,Czechia,2018,,,Heroin
486,Denmark,2018,20.0,90.0,Heroin
487,Estonia,2018,42.4,,Heroin
488,Finland,2018,,,Heroin
489,France,2018,16.57,,Heroin
490,Germany,2018,,,Heroin
491,Greece,2018,26.4,17.5,Heroin
492,Hungary,2018,28.7,,Heroin
493,Ireland,2018,,140.0,Heroin
494,Italy,2018,,43.82,Heroin
495,Latvia,2018,29.6,,Heroin
496,Lithuania,2018,,,Heroin
497,Luxembourg,2018,13.4,,Heroin
498,Malta,2018,,47.0,Heroin
499,Netherlands,2018,48.3,,Heroin
500,Norway,2018,15.0,,Heroin
501,Poland,2018,,,Heroin
502,Portugal,2018,18.1,50.0,Heroin
503,Romania,2018,19.47,,Heroin
504,Slovakia,2018,,60.0,Heroin
505,Slovenia,2018,25.2,,Heroin
506,Spain,2018,30.0,58.24,Heroin
507,Sweden,2018,,89.0,Heroin
508,Turkey,2018,22.75,,Heroin
509,United Kingdom,2018,46.0,,Heroin
0,Austria,2002,,,MDMA
1,Belgium,2002,,,MDMA
2,Bulgaria,2002,,,MDMA
3,Croatia,2002,,,MDMA
4,Cyprus,2002,,,MDMA
5,Czechia,2002,40.0,,MDMA
6,Denmark,2002,,33.3,MDMA
7,Estonia,2002,,11.2,MDMA
8,Finland,2002,,,MDMA
9,France,2002,,,MDMA
10,Germany,2002,,13.23,MDMA
11,Greece,2002,,,MDMA
12,Hungary,2002,,11.0,MDMA
13,Ireland,2002,,6.0,MDMA
14,Italy,2002,,,MDMA
15,Latvia,2002,,,MDMA
16,Lithuania,2002,,15.0,MDMA
17,Luxembourg,2002,,,MDMA
18,Malta,2002,,,MDMA
19,Netherlands,2002,,,MDMA
20,Norway,2002,,37.5,MDMA
21,Poland,2002,,,MDMA
22,Portugal,2002,,,MDMA
23,Romania,2002,,,MDMA
24,Slovakia,2002,45.0,,MDMA
25,Slovenia,2002,,,MDMA
26,Spain,2002,,14.48,MDMA
27,Sweden,2002,,29.0,MDMA
28,Turkey,2002,,5.0,MDMA
29,United Kingdom,2002,,13.5,MDMA
30,Austria,2003,,,MDMA
31,Belgium,2003,,,MDMA
32,Bulgaria,2003,,,MDMA
33,Croatia,2003,,,MDMA
34,Cyprus,2003,,,MDMA
35,Czechia,2003,62.5,,MDMA
36,Denmark,2003,19.0,,MDMA
37,Estonia,2003,53.0,9.6,MDMA
38,Finland,2003,,25.0,MDMA
39,France,2003,,,MDMA
40,Germany,2003,,12.6,MDMA
41,Greece,2003,,,MDMA
42,Hungary,2003,,8.0,MDMA
43,Ireland,2003,,,MDMA
44,Italy,2003,,,MDMA
45,Latvia,2003,,,MDMA
46,Lithuania,2003,40.0,14.0,MDMA
47,Luxembourg,2003,,,MDMA
48,Malta,2003,,,MDMA
49,Netherlands,2003,,6.0,MDMA
50,Norway,2003,,37.5,MDMA
51,Poland,2003,,,MDMA
52,Portugal,2003,,,MDMA
53,Romania,2003,,50.0,MDMA
54,Slovakia,2003,49.0,8.75,MDMA
55,Slovenia,2003,,,MDMA
56,Spain,2003,,15.27,MDMA
57,Sweden,2003,,30.0,MDMA
58,Turkey,2003,,5.0,MDMA
59,United Kingdom,2003,,12.82,MDMA
60,Austria,2004,,20.0,MDMA
61,Belgium,2004,,,MDMA
62,Bulgaria,2004,,,MDMA
63,Croatia,2004,,,MDMA
64,Cyprus,2004,,,MDMA
65,Czechia,2004,50.0,34.5,MDMA
66,Denmark,2004,29.0,,MDMA
67,Estonia,2004,19.0,6.3,MDMA
68,Finland,2004,,,MDMA
69,France,2004,,,MDMA
70,Germany,2004,21.0,12.1,MDMA
71,Greece,2004,,,MDMA
72,Hungary,2004,,11.9,MDMA
73,Ireland,2004,,,MDMA
74,Italy,2004,,19.2,MDMA
75,Latvia,2004,,,MDMA
76,Lithuania,2004,38.0,7.5,MDMA
77,Luxembourg,2004,,,MDMA
78,Malta,2004,,,MDMA
79,Netherlands,2004,55.6,,MDMA
80,Norway,2004,,43.75,MDMA
81,Poland,2004,,,MDMA
82,Portugal,2004,,,MDMA
83,Romania,2004,,7.0,MDMA
84,Slovakia,2004,42.9,,MDMA
85,Slovenia,2004,,4.0,MDMA
86,Spain,2004,,15.88,MDMA
87,Sweden,2004,,29.0,MDMA
88,Turkey,2004,,5.0,MDMA
89,United Kingdom,2004,,11.52,MDMA
90,Austria,2005,41.8,20.0,MDMA
91,Belgium,2005,,,MDMA
92,Bulgaria,2005,15.0,,MDMA
93,Croatia,2005,,20.0,MDMA
94,Cyprus,2005,,,MDMA
95,Czechia,2005,62.9,32.5,MDMA
96,Denmark,2005,21.0,,MDMA
97,Estonia,2005,33.2,9.5,MDMA
98,Finland,2005,,,MDMA
99,France,2005,64.0,,MDMA
100,Germany,2005,10.0,11.9,MDMA
101,Greece,2005,,,MDMA
102,Hungary,2005,,12.3,MDMA
103,Ireland,2005,,,MDMA
104,Italy,2005,,18.12,MDMA
105,Latvia,2005,43.0,,MDMA
106,Lithuania,2005,33.0,6.96,MDMA
107,Luxembourg,2005,,,MDMA
108,Malta,2005,,,MDMA
109,Netherlands,2005,45.1,,MDMA
110,Norway,2005,50.0,37.5,MDMA
111,Poland,2005,,,MDMA
112,Portugal,2005,,,MDMA
113,Romania,2005,,,MDMA
114,Slovakia,2005,46.7,,MDMA
115,Slovenia,2005,,10.45,MDMA
116,Spain,2005,,24.23,MDMA
117,Sweden,2005,,26.0,MDMA
118,Turkey,2005,,,MDMA
119,United Kingdom,2005,77.0,14.73,MDMA
120,Austria,2006,25.3,20.0,MDMA
121,Belgium,2006,,,MDMA
122,Bulgaria,2006,25.0,,MDMA
123,Croatia,2006,45.0,15.0,MDMA
124,Cyprus,2006,,,MDMA
125,Czechia,2006,52.3,34.1,MDMA
126,Denmark,2006,10.0,,MDMA
127,Estonia,2006,35.0,16.0,MDMA
128,Finland,2006,35.0,,MDMA
129,France,2006,15.4,,MDMA
130,Germany,2006,,12.9,MDMA
131,Greece,2006,,,MDMA
132,Hungary,2006,47.0,11.0,MDMA
133,Ireland,2006,,,MDMA
134,Italy,2006,58.0,18.12,MDMA
135,Latvia,2006,30.0,,MDMA
136,Lithuania,2006,31.0,8.37,MDMA
137,Luxembourg,2006,,,MDMA
138,Malta,2006,,70.0,MDMA
139,Netherlands,2006,41.8,5.0,MDMA
140,Norway,2006,54.0,37.5,MDMA
141,Poland,2006,,,MDMA
142,Portugal,2006,,,MDMA
143,Romania,2006,,,MDMA
144,Slovakia,2006,61.7,,MDMA
145,Slovenia,2006,,10.2,MDMA
146,Spain,2006,,23.23,MDMA
147,Sweden,2006,,26.0,MDMA
148,Turkey,2006,,3.0,MDMA
149,United Kingdom,2006,54.5,13.37,MDMA
150,Austria,2007,24.4,25.0,MDMA
151,Belgium,2007,,,MDMA
152,Bulgaria,2007,22.0,,MDMA
153,Croatia,2007,48.0,15.0,MDMA
154,Cyprus,2007,,,MDMA
155,Czechia,2007,66.4,36.3,MDMA
156,Denmark,2007,18.0,22.6,MDMA
157,Estonia,2007,30.0,,MDMA
158,Finland,2007,14.0,,MDMA
159,France,2007,10.8,,MDMA
160,Germany,2007,,12.6,MDMA
161,Greece,2007,,,MDMA
162,Hungary,2007,,12.0,MDMA
163,Ireland,2007,,,MDMA
164,Italy,2007,72.0,17.9,MDMA
165,Latvia,2007,20.0,,MDMA
166,Lithuania,2007,31.0,8.66,MDMA
167,Luxembourg,2007,,,MDMA
168,Malta,2007,,69.9,MDMA
169,Netherlands,2007,57.3,5.0,MDMA
170,Norway,2007,45.0,,MDMA
171,Poland,2007,,,MDMA
172,Portugal,2007,,,MDMA
173,Romania,2007,,,MDMA
174,Slovakia,2007,59.6,,MDMA
175,Slovenia,2007,,,MDMA
176,Spain,2007,,25.81,MDMA
177,Sweden,2007,,25.31,MDMA
178,Turkey,2007,,,MDMA
179,United Kingdom,2007,,13.16,MDMA
180,Austria,2008,46.3,20.0,MDMA
181,Belgium,2008,80.4,,MDMA
182,Bulgaria,2008,36.0,,MDMA
183,Croatia,2008,55.0,15.0,MDMA
184,Cyprus,2008,,,MDMA
185,Czechia,2008,64.28,35.6,MDMA
186,Denmark,2008,23.0,24.0,MDMA
187,Estonia,2008,26.8,,MDMA
188,Finland,2008,29.7,,MDMA
189,France,2008,,,MDMA
190,Germany,2008,,12.3,MDMA
191,Greece,2008,,,MDMA
192,Hungary,2008,,11.8,MDMA
193,Ireland,2008,,,MDMA
194,Italy,2008,,17.5,MDMA
195,Latvia,2008,32.0,,MDMA
196,Lithuania,2008,29.0,9.3,MDMA
197,Luxembourg,2008,,,MDMA
198,Malta,2008,,,MDMA
199,Netherlands,2008,22.3,6.0,MDMA
200,Norway,2008,39.0,,MDMA
201,Poland,2008,,,MDMA
202,Portugal,2008,,,MDMA
203,Romania,2008,,,MDMA
204,Slovakia,2008,63.5,,MDMA
205,Slovenia,2008,,17.0,MDMA
206,Spain,2008,,26.35,MDMA
207,Sweden,2008,33.0,26.37,MDMA
208,Turkey,2008,,,MDMA
209,United Kingdom,2008,59.9,12.59,MDMA
210,Austria,2009,58.4,,MDMA
211,Belgium,2009,32.0,,MDMA
212,Bulgaria,2009,11.8,,MDMA
213,Croatia,2009,76.0,20.0,MDMA
214,Cyprus,2009,,,MDMA
215,Czechia,2009,68.1,41.8,MDMA
216,Denmark,2009,16.0,,MDMA
217,Estonia,2009,10.0,16.6,MDMA
218,Finland,2009,28.9,,MDMA
219,France,2009,,,MDMA
220,Germany,2009,,10.5,MDMA
221,Greece,2009,,,MDMA
222,Hungary,2009,50.0,10.6,MDMA
223,Ireland,2009,,,MDMA
224,Italy,2009,,15.5,MDMA
225,Latvia,2009,30.0,,MDMA
226,Lithuania,2009,24.0,10.43,MDMA
227,Luxembourg,2009,,,MDMA
228,Malta,2009,,,MDMA
229,Netherlands,2009,74.1,8.0,MDMA
230,Norway,2009,44.0,,MDMA
231,Poland,2009,,,MDMA
232,Portugal,2009,25.2,,MDMA
233,Romania,2009,,,MDMA
234,Slovakia,2009,67.1,,MDMA
235,Slovenia,2009,,22.0,MDMA
236,Spain,2009,,26.23,MDMA
237,Sweden,2009,25.0,24.71,MDMA
238,Turkey,2009,61.0,,MDMA
239,United Kingdom,2009,54.8,11.23,MDMA
240,Austria,2010,56.7,,MDMA
241,Belgium,2010,12.9,,MDMA
242,Bulgaria,2010,38.3,,MDMA
243,Croatia,2010,43.3,14.15,MDMA
244,Cyprus,2010,,,MDMA
245,Czechia,2010,64.4,79.08,MDMA
246,Denmark,2010,5.0,18.8,MDMA
247,Estonia,2010,20.5,,MDMA
248,Finland,2010,28.6,,MDMA
249,France,2010,79.3,,MDMA
250,Germany,2010,,12.5,MDMA
251,Greece,2010,,,MDMA
252,Hungary,2010,49.0,10.6,MDMA
253,Ireland,2010,,,MDMA
254,Italy,2010,54.0,16.7,MDMA
255,Latvia,2010,30.0,,MDMA
256,Lithuania,2010,24.0,8.98,MDMA
257,Luxembourg,2010,,,MDMA
258,Malta,2010,,,MDMA
259,Netherlands,2010,52.2,6.0,MDMA
260,Norway,2010,44.0,,MDMA
261,Poland,2010,,,MDMA
262,Portugal,2010,,,MDMA
263,Romania,2010,,,MDMA
264,Slovakia,2010,65.7,,MDMA
265,Slovenia,2010,,22.0,MDMA
266,Spain,2010,,26.38,MDMA
267,Sweden,2010,31.0,26.6,MDMA
268,Turkey,2010,65.0,,MDMA
269,United Kingdom,2010,73.6,11.66,MDMA
270,Austria,2011,52.0,,MDMA
271,Belgium,2011,28.7,,MDMA
272,Bulgaria,2011,32.8,,MDMA
273,Croatia,2011,40.0,9.0,MDMA
274,Cyprus,2011,,,MDMA
275,Czechia,2011,69.01,89.8,MDMA
276,Denmark,2011,16.0,18.8,MDMA
277,Estonia,2011,16.0,,MDMA
278,Finland,2011,22.0,,MDMA
279,France,2011,78.8,,MDMA
280,Germany,2011,,13.1,MDMA
281,Greece,2011,,,MDMA
282,Hungary,2011,35.0,10.5,MDMA
283,Ireland,2011,,,MDMA
284,Italy,2011,67.6,16.7,MDMA
285,Latvia,2011,26.0,,MDMA
286,Lithuania,2011,20.0,11.01,MDMA
287,Luxembourg,2011,,,MDMA
288,Malta,2011,,,MDMA
289,Netherlands,2011,29.0,8.0,MDMA
290,Norway,2011,38.0,,MDMA
291,Poland,2011,,,MDMA
292,Portugal,2011,30.1,,MDMA
293,Romania,2011,,,MDMA
294,Slovakia,2011,69.2,,MDMA
295,Slovenia,2011,10.1,,MDMA
296,Spain,2011,,26.46,MDMA
297,Sweden,2011,34.0,28.0,MDMA
298,Turkey,2011,82.3,,MDMA
299,United Kingdom,2011,44.0,,MDMA
300,Austria,2012,54.4,,MDMA
301,Belgium,2012,,,MDMA
302,Bulgaria,2012,37.6,,MDMA
303,Croatia,2012,31.8,13.3,MDMA
304,Cyprus,2012,,,MDMA
305,Czechia,2012,71.6,,MDMA
306,Denmark,2012,17.0,18.8,MDMA
307,Estonia,2012,18.0,,MDMA
308,Finland,2012,15.0,,MDMA
309,France,2012,75.0,,MDMA
310,Germany,2012,,14.2,MDMA
311,Greece,2012,,,MDMA
312,Hungary,2012,48.0,10.1,MDMA
313,Ireland,2012,,15.0,MDMA
314,Italy,2012,75.4,16.8,MDMA
315,Latvia,2012,28.0,,MDMA
316,Lithuania,2012,19.0,9.8,MDMA
317,Luxembourg,2012,,,MDMA
318,Malta,2012,,33.0,MDMA
319,Netherlands,2012,28.7,9.0,MDMA
320,Norway,2012,33.0,37.8,MDMA
321,Poland,2012,,,MDMA
322,Portugal,2012,,,MDMA
323,Romania,2012,,,MDMA
324,Slovakia,2012,73.4,,MDMA
325,Slovenia,2012,79.9,,MDMA
326,Spain,2012,,27.74,MDMA
327,Sweden,2012,41.0,30.0,MDMA
328,Turkey,2012,46.08,,MDMA
329,United Kingdom,2012,90.4,,MDMA
330,Austria,2013,55.96,,MDMA
331,Belgium,2013,,,MDMA
332,Bulgaria,2013,36.9,,MDMA
333,Croatia,2013,67.3,13.9,MDMA
334,Cyprus,2013,,,MDMA
335,Czechia,2013,71.03,63.4,MDMA
336,Denmark,2013,45.0,,MDMA
337,Estonia,2013,20.0,,MDMA
338,Finland,2013,13.0,,MDMA
339,France,2013,64.7,,MDMA
340,Germany,2013,,11.6,MDMA
341,Greece,2013,,,MDMA
342,Hungary,2013,36.0,9.8,MDMA
343,Ireland,2013,,,MDMA
344,Italy,2013,37.3,16.05,MDMA
345,Latvia,2013,27.0,,MDMA
346,Lithuania,2013,17.0,8.7,MDMA
347,Luxembourg,2013,,,MDMA
348,Malta,2013,,46.0,MDMA
349,Netherlands,2013,61.5,7.9,MDMA
350,Norway,2013,35.0,,MDMA
351,Poland,2013,,,MDMA
352,Portugal,2013,89.1,,MDMA
353,Romania,2013,7.19,,MDMA
354,Slovakia,2013,69.6,,MDMA
355,Slovenia,2013,,,MDMA
356,Spain,2013,,27.08,MDMA
357,Sweden,2013,37.0,31.0,MDMA
358,Turkey,2013,75.91,,MDMA
359,United Kingdom,2013,,,MDMA
360,Austria,2014,63.46,,MDMA
361,Belgium,2014,,,MDMA
362,Bulgaria,2014,34.8,,MDMA
363,Croatia,2014,66.2,23.0,MDMA
364,Cyprus,2014,,,MDMA
365,Czechia,2014,69.75,,MDMA
366,Denmark,2014,9.0,16.0,MDMA
367,Estonia,2014,16.0,,MDMA
368,Finland,2014,14.0,,MDMA
369,France,2014,67.0,,MDMA
370,Germany,2014,,13.1,MDMA
371,Greece,2014,,,MDMA
372,Hungary,2014,50.0,10.3,MDMA
373,Ireland,2014,,15.0,MDMA
374,Italy,2014,31.0,27.35,MDMA
375,Latvia,2014,28.0,,MDMA
376,Lithuania,2014,18.0,9.85,MDMA
377,Luxembourg,2014,,,MDMA
378,Malta,2014,,30.0,MDMA
379,Netherlands,2014,71.2,7.0,MDMA
380,Norway,2014,36.0,,MDMA
381,Poland,2014,,,MDMA
382,Portugal,2014,,,MDMA
383,Romania,2014,,,MDMA
384,Slovakia,2014,72.6,37.0,MDMA
385,Slovenia,2014,,,MDMA
386,Spain,2014,,28.09,MDMA
387,Sweden,2014,51.0,28.0,MDMA
388,Turkey,2014,58.87,,MDMA
389,United Kingdom,2014,67.0,,MDMA
390,Austria,2015,51.47,,MDMA
391,Belgium,2015,,,MDMA
392,Bulgaria,2015,41.6,,MDMA
393,Croatia,2015,60.4,23.25,MDMA
394,Cyprus,2015,,,MDMA
395,Czechia,2015,70.37,,MDMA
396,Denmark,2015,,15.0,MDMA
397,Estonia,2015,16.0,,MDMA
398,Finland,2015,23.0,,MDMA
399,France,2015,74.6,,MDMA
400,Germany,2015,,12.4,MDMA
401,Greece,2015,,,MDMA
402,Hungary,2015,50.0,9.5,MDMA
403,Ireland,2015,,15.0,MDMA
404,Italy,2015,25.0,37.7,MDMA
405,Latvia,2015,35.0,,MDMA
406,Lithuania,2015,21.0,10.6,MDMA
407,Luxembourg,2015,,,MDMA
408,Malta,2015,,,MDMA
409,Netherlands,2015,74.0,7.25,MDMA
410,Norway,2015,38.0,,MDMA
411,Poland,2015,,,MDMA
412,Portugal,2015,70.2,,MDMA
413,Romania,2015,,,MDMA
414,Slovakia,2015,63.8,43.0,MDMA
415,Slovenia,2015,,,MDMA
416,Spain,2015,,27.7,MDMA
417,Sweden,2015,41.2,27.0,MDMA
418,Turkey,2015,78.87,,MDMA
419,United Kingdom,2015,74.0,,MDMA
420,Austria,2016,58.69,,MDMA
421,Belgium,2016,,,MDMA
422,Bulgaria,2016,42.3,,MDMA
423,Croatia,2016,78.0,23.2,MDMA
424,Cyprus,2016,,,MDMA
425,Czechia,2016,67.39,,MDMA
426,Denmark,2016,,19.0,MDMA
427,Estonia,2016,19.5,0.0,MDMA
428,Finland,2016,33.0,,MDMA
429,France,2016,65.0,,MDMA
430,Germany,2016,73.0,11.8,MDMA
431,Greece,2016,,,MDMA
432,Hungary,2016,54.2,11.1,MDMA
433,Ireland,2016,,15.0,MDMA
434,Italy,2016,49.0,,MDMA
435,Latvia,2016,22.13,,MDMA
436,Lithuania,2016,17.9,,MDMA
437,Luxembourg,2016,,,MDMA
438,Malta,2016,,,MDMA
439,Netherlands,2016,59.0,7.7,MDMA
440,Norway,2016,43.0,,MDMA
441,Poland,2016,,,MDMA
442,Portugal,2016,88.3,,MDMA
443,Romania,2016,,,MDMA
444,Slovakia,2016,59.5,50.0,MDMA
445,Slovenia,2016,,,MDMA
446,Spain,2016,,28.07,MDMA
447,Sweden,2016,40.0,25.0,MDMA
448,Turkey,2016,71.0,,MDMA
449,United Kingdom,2016,75.0,,MDMA
450,Austria,2017,57.16,,MDMA
451,Belgium,2017,,,MDMA
452,Bulgaria,2017,46.7,,MDMA
453,Croatia,2017,69.4,23.0,MDMA
454,Cyprus,2017,,,MDMA
455,Czechia,2017,64.429774,,MDMA
456,Denmark,2017,,19.0,MDMA
457,Estonia,2017,34.0,22.0,MDMA
458,Finland,2017,18.0,,MDMA
459,France,2017,69.54,,MDMA
460,Germany,2017,72.0,11.9,MDMA
461,Greece,2017,,,MDMA
462,Hungary,2017,55.0,9.2,MDMA
463,Ireland,2017,,15.0,MDMA
464,Italy,2017,51.0,,MDMA
465,Latvia,2017,20.59,,MDMA
466,Lithuania,2017,16.4,25.0,MDMA
467,Luxembourg,2017,,,MDMA
468,Malta,2017,,,MDMA
469,Netherlands,2017,57.7,7.4,MDMA
470,Norway,2017,39.0,28.87,MDMA
471,Poland,2017,,,MDMA
472,Portugal,2017,,26.31,MDMA
473,Romania,2017,,,MDMA
474,Slovakia,2017,54.9,50.0,MDMA
475,Slovenia,2017,,0.0,MDMA
476,Spain,2017,,26.86,MDMA
477,Sweden,2017,12.0,25.0,MDMA
478,Turkey,2017,70.0326,,MDMA
479,United Kingdom,2017,71.0,,MDMA
480,Austria,2018,57.16,,MDMA
481,Belgium,2018,86.0,,MDMA
482,Bulgaria,2018,,,MDMA
483,Croatia,2018,79.7,12.5,MDMA
484,Cyprus,2018,77.28,,MDMA
485,Czechia,2018,62.3,63.4,MDMA
486,Denmark,2018,80.0,16.0,MDMA
487,Estonia,2018,21.0,,MDMA
488,Finland,2018,21.0,,MDMA
489,France,2018,67.8,,MDMA
490,Germany,2018,,11.3,MDMA
491,Greece,2018,,,MDMA
492,Hungary,2018,41.6,9.4,MDMA
493,Ireland,2018,,15.0,MDMA
494,Italy,2018,47.0,,MDMA
495,Latvia,2018,23.6,,MDMA
496,Lithuania,2018,17.5,10.75,MDMA
497,Luxembourg,2018,,,MDMA
498,Malta,2018,,,MDMA
499,Netherlands,2018,54.5,7.3,MDMA
500,Norway,2018,32.0,,MDMA
501,Poland,2018,,,MDMA
502,Portugal,2018,56.8,31.96,MDMA
503,Romania,2018,,,MDMA
504,Slovakia,2018,,32.5,MDMA
505,Slovenia,2018,,,MDMA
506,Spain,2018,,26.19,MDMA
507,Sweden,2018,,23.0,MDMA
508,Turkey,2018,72.21,,MDMA
509,United Kingdom,2018,73.0,,MDMA
0,Austria,2002,40.0,,Cocaine
1,Belgium,2002,64.0,,Cocaine
2,Bulgaria,2002,,,Cocaine
3,Croatia,2002,,,Cocaine
4,Cyprus,2002,,,Cocaine
5,Czechia,2002,68.0,75.0,Cocaine
6,Denmark,2002,36.0,93.3,Cocaine
7,Estonia,2002,28.0,51.3,Cocaine
8,Finland,2002,,168.0,Cocaine
9,France,2002,62.0,,Cocaine
10,Germany,2002,41.7,63.93,Cocaine
11,Greece,2002,,,Cocaine
12,Hungary,2002,60.0,65.0,Cocaine
13,Ireland,2002,,100.0,Cocaine
14,Italy,2002,58.89,,Cocaine
15,Latvia,2002,65.0,55.0,Cocaine
16,Lithuania,2002,41.9,77.0,Cocaine
17,Luxembourg,2002,62.99,,Cocaine
18,Malta,2002,,,Cocaine
19,Netherlands,2002,68.4,,Cocaine
20,Norway,2002,68.0,175.0,Cocaine
21,Poland,2002,,,Cocaine
22,Portugal,2002,41.7,38.57,Cocaine
23,Romania,2002,,,Cocaine
24,Slovakia,2002,45.3,,Cocaine
25,Slovenia,2002,,,Cocaine
26,Spain,2002,50.0,75.16,Cocaine
27,Sweden,2002,,95.0,Cocaine
28,Turkey,2002,90.34,90.0,Cocaine
29,United Kingdom,2002,48.7,87.0,Cocaine
30,Austria,2003,40.0,,Cocaine
31,Belgium,2003,71.4,,Cocaine
32,Bulgaria,2003,70.0,,Cocaine
33,Croatia,2003,,,Cocaine
34,Cyprus,2003,,,Cocaine
35,Czechia,2003,31.7,,Cocaine
36,Denmark,2003,40.0,,Cocaine
37,Estonia,2003,,64.0,Cocaine
38,Finland,2003,,134.0,Cocaine
39,France,2003,63.7,,Cocaine
40,Germany,2003,32.0,60.1,Cocaine
41,Greece,2003,42.6,,Cocaine
42,Hungary,2003,40.0,60.0,Cocaine
43,Ireland,2003,,,Cocaine
44,Italy,2003,63.58,,Cocaine
45,Latvia,2003,72.0,38.0,Cocaine
46,Lithuania,2003,45.0,48.0,Cocaine
47,Luxembourg,2003,62.5,,Cocaine
48,Malta,2003,50.0,,Cocaine
49,Netherlands,2003,65.4,45.0,Cocaine
50,Norway,2003,63.0,175.0,Cocaine
51,Poland,2003,83.0,,Cocaine
52,Portugal,2003,39.3,41.4,Cocaine
53,Romania,2003,,90.0,Cocaine
54,Slovakia,2003,60.4,76.0,Cocaine
55,Slovenia,2003,,67.5,Cocaine
56,Spain,2003,51.0,78.52,Cocaine
57,Sweden,2003,,92.0,Cocaine
58,Turkey,2003,,90.0,Cocaine
59,United Kingdom,2003,51.2,78.35,Cocaine
60,Austria,2004,40.0,90.0,Cocaine
61,Belgium,2004,55.19,,Cocaine
62,Bulgaria,2004,,,Cocaine
63,Croatia,2004,,,Cocaine
64,Cyprus,2004,,,Cocaine
65,Czechia,2004,65.0,72.1,Cocaine
66,Denmark,2004,27.0,,Cocaine
67,Estonia,2004,54.7,63.9,Cocaine
68,Finland,2004,,,Cocaine
69,France,2004,54.6,,Cocaine
70,Germany,2004,34.5,58.9,Cocaine
71,Greece,2004,63.3,,Cocaine
72,Hungary,2004,35.0,60.9,Cocaine
73,Ireland,2004,,,Cocaine
74,Italy,2004,54.74,90.81,Cocaine
75,Latvia,2004,39.0,,Cocaine
76,Lithuania,2004,48.0,57.9,Cocaine
77,Luxembourg,2004,62.37,,Cocaine
78,Malta,2004,40.0,,Cocaine
79,Netherlands,2004,56.2,,Cocaine
80,Norway,2004,53.0,148.25,Cocaine
81,Poland,2004,80.0,,Cocaine
82,Portugal,2004,34.4,42.23,Cocaine
83,Romania,2004,,90.0,Cocaine
84,Slovakia,2004,28.8,70.0,Cocaine
85,Slovenia,2004,36.7,54.12,Cocaine
86,Spain,2004,50.0,71.46,Cocaine
87,Sweden,2004,,92.0,Cocaine
88,Turkey,2004,65.55,90.0,Cocaine
89,United Kingdom,2004,42.4,73.45,Cocaine
90,Austria,2005,38.4,80.0,Cocaine
91,Belgium,2005,61.9,,Cocaine
92,Bulgaria,2005,35.0,,Cocaine
93,Croatia,2005,32.0,60.0,Cocaine
94,Cyprus,2005,,,Cocaine
95,Czechia,2005,55.9,78.0,Cocaine
96,Denmark,2005,27.0,,Cocaine
97,Estonia,2005,38.6,73.45,Cocaine
98,Finland,2005,,,Cocaine
99,France,2005,54.3,,Cocaine
100,Germany,2005,34.2,60.5,Cocaine
101,Greece,2005,69.0,,Cocaine
102,Hungary,2005,36.0,59.9,Cocaine
103,Ireland,2005,,,Cocaine
104,Italy,2005,,86.91,Cocaine
105,Latvia,2005,39.0,,Cocaine
106,Lithuania,2005,49.15,52.17,Cocaine
107,Luxembourg,2005,51.52,,Cocaine
108,Malta,2005,46.3,,Cocaine
109,Netherlands,2005,54.3,,Cocaine
110,Norway,2005,50.0,106.25,Cocaine
111,Poland,2005,77.0,,Cocaine
112,Portugal,2005,32.6,45.11,Cocaine
113,Romania,2005,,,Cocaine
114,Slovakia,2005,34.8,,Cocaine
115,Slovenia,2005,36.9,60.42,Cocaine
116,Spain,2005,53.0,60.58,Cocaine
117,Sweden,2005,,89.0,Cocaine
118,Turkey,2005,,55.0,Cocaine
119,United Kingdom,2005,42.7,72.15,Cocaine
120,Austria,2006,32.3,65.0,Cocaine
121,Belgium,2006,52.7,,Cocaine
122,Bulgaria,2006,36.0,,Cocaine
123,Croatia,2006,37.0,60.0,Cocaine
124,Cyprus,2006,,,Cocaine
125,Czechia,2006,40.18,80.6,Cocaine
126,Denmark,2006,22.0,,Cocaine
127,Estonia,2006,34.0,73.65,Cocaine
128,Finland,2006,51.0,,Cocaine
129,France,2006,52.3,,Cocaine
130,Germany,2006,24.6,59.1,Cocaine
131,Greece,2006,50.2,,Cocaine
132,Hungary,2006,34.0,67.0,Cocaine
133,Ireland,2006,,,Cocaine
134,Italy,2006,53.0,84.28,Cocaine
135,Latvia,2006,31.0,,Cocaine
136,Lithuania,2006,46.0,57.18,Cocaine
137,Luxembourg,2006,61.78,,Cocaine
138,Malta,2006,47.0,76.0,Cocaine
139,Netherlands,2006,52.8,50.0,Cocaine
140,Norway,2006,35.0,106.25,Cocaine
141,Poland,2006,44.58,,Cocaine
142,Portugal,2006,44.6,45.73,Cocaine
143,Romania,2006,,,Cocaine
144,Slovakia,2006,45.8,,Cocaine
145,Slovenia,2006,23.9,56.5,Cocaine
146,Spain,2006,54.0,60.66,Cocaine
147,Sweden,2006,,88.0,Cocaine
148,Turkey,2006,64.0,90.0,Cocaine
149,United Kingdom,2006,34.5,72.81,Cocaine
150,Austria,2007,32.6,80.0,Cocaine
151,Belgium,2007,65.5,,Cocaine
152,Bulgaria,2007,23.0,,Cocaine
153,Croatia,2007,32.0,60.0,Cocaine
154,Cyprus,2007,,,Cocaine
155,Czechia,2007,49.1,75.1,Cocaine
156,Denmark,2007,22.0,,Cocaine
157,Estonia,2007,43.9,,Cocaine
158,Finland,2007,42.0,,Cocaine
159,France,2007,53.2,,Cocaine
160,Germany,2007,,63.3,Cocaine
161,Greece,2007,54.81,,Cocaine
162,Hungary,2007,32.0,58.6,Cocaine
163,Ireland,2007,,,Cocaine
164,Italy,2007,43.0,82.13,Cocaine
165,Latvia,2007,25.0,65.7,Cocaine
166,Lithuania,2007,46.0,54.59,Cocaine
167,Luxembourg,2007,54.65,,Cocaine
168,Malta,2007,,85.27,Cocaine
169,Netherlands,2007,56.6,50.0,Cocaine
170,Norway,2007,35.0,,Cocaine
171,Poland,2007,35.6,,Cocaine
172,Portugal,2007,48.1,44.65,Cocaine
173,Romania,2007,,,Cocaine
174,Slovakia,2007,35.2,,Cocaine
175,Slovenia,2007,30.3,,Cocaine
176,Spain,2007,50.5,60.75,Cocaine
177,Sweden,2007,,87.6,Cocaine
178,Turkey,2007,59.22,,Cocaine
179,United Kingdom,2007,33.2,67.25,Cocaine
180,Austria,2008,32.1,70.0,Cocaine
181,Belgium,2008,61.4,,Cocaine
182,Bulgaria,2008,25.0,,Cocaine
183,Croatia,2008,29.0,60.0,Cocaine
184,Cyprus,2008,,,Cocaine
185,Czechia,2008,43.5,73.2,Cocaine
186,Denmark,2008,23.0,70.0,Cocaine
187,Estonia,2008,42.9,,Cocaine
188,Finland,2008,28.2,,Cocaine
189,France,2008,32.1,,Cocaine
190,Germany,2008,,61.6,Cocaine
191,Greece,2008,,,Cocaine
192,Hungary,2008,31.0,57.5,Cocaine
193,Ireland,2008,,,Cocaine
194,Italy,2008,47.0,75.8,Cocaine
195,Latvia,2008,28.0,107.0,Cocaine
196,Lithuania,2008,36.0,61.11,Cocaine
197,Luxembourg,2008,52.13,,Cocaine
198,Malta,2008,35.0,70.0,Cocaine
199,Netherlands,2008,55.4,50.0,Cocaine
200,Norway,2008,37.0,,Cocaine
201,Poland,2008,43.76,,Cocaine
202,Portugal,2008,48.4,45.56,Cocaine
203,Romania,2008,62.0,,Cocaine
204,Slovakia,2008,36.8,83.5,Cocaine
205,Slovenia,2008,28.8,69.0,Cocaine
206,Spain,2008,49.5,60.03,Cocaine
207,Sweden,2008,39.5,91.71,Cocaine
208,Turkey,2008,46.0,,Cocaine
209,United Kingdom,2008,28.8,50.35,Cocaine
210,Austria,2009,27.6,,Cocaine
211,Belgium,2009,51.3,,Cocaine
212,Bulgaria,2009,24.0,,Cocaine
213,Croatia,2009,22.7,50.0,Cocaine
214,Cyprus,2009,,,Cocaine
215,Czechia,2009,33.1,72.7,Cocaine
216,Denmark,2009,18.0,,Cocaine
217,Estonia,2009,38.0,92.1,Cocaine
218,Finland,2009,35.0,,Cocaine
219,France,2009,29.0,,Cocaine
220,Germany,2009,,62.4,Cocaine
221,Greece,2009,,,Cocaine
222,Hungary,2009,23.0,50.0,Cocaine
223,Ireland,2009,11.8,,Cocaine
224,Italy,2009,46.3,71.25,Cocaine
225,Latvia,2009,26.0,,Cocaine
226,Lithuania,2009,37.0,61.16,Cocaine
227,Luxembourg,2009,42.46,,Cocaine
228,Malta,2009,19.8,80.0,Cocaine
229,Netherlands,2009,48.7,50.0,Cocaine
230,Norway,2009,25.0,,Cocaine
231,Poland,2009,,,Cocaine
232,Portugal,2009,38.7,47.44,Cocaine
233,Romania,2009,33.75,,Cocaine
234,Slovakia,2009,30.1,80.0,Cocaine
235,Slovenia,2009,34.7,70.0,Cocaine
236,Spain,2009,49.0,59.64,Cocaine
237,Sweden,2009,29.0,82.97,Cocaine
238,Turkey,2009,36.0,,Cocaine
239,United Kingdom,2009,20.3,44.93,Cocaine
240,Austria,2010,27.3,,Cocaine
241,Belgium,2010,55.1,,Cocaine
242,Bulgaria,2010,27.2,,Cocaine
243,Croatia,2010,28.8,77.6,Cocaine
244,Cyprus,2010,,,Cocaine
245,Czechia,2010,27.9,79.08,Cocaine
246,Denmark,2010,24.0,65.8,Cocaine
247,Estonia,2010,36.0,,Cocaine
248,Finland,2010,29.0,,Cocaine
249,France,2010,45.8,,Cocaine
250,Germany,2010,,65.6,Cocaine
251,Greece,2010,,,Cocaine
252,Hungary,2010,22.0,51.7,Cocaine
253,Ireland,2010,,,Cocaine
254,Italy,2010,46.0,69.16,Cocaine
255,Latvia,2010,36.0,,Cocaine
256,Lithuania,2010,37.0,59.37,Cocaine
257,Luxembourg,2010,47.9,,Cocaine
258,Malta,2010,29.5,80.0,Cocaine
259,Netherlands,2010,52.3,45.0,Cocaine
260,Norway,2010,37.0,,Cocaine
261,Poland,2010,,,Cocaine
262,Portugal,2010,38.9,46.0,Cocaine
263,Romania,2010,,,Cocaine
264,Slovakia,2010,48.3,51.0,Cocaine
265,Slovenia,2010,29.2,65.0,Cocaine
266,Spain,2010,45.5,59.98,Cocaine
267,Sweden,2010,31.5,94.8,Cocaine
268,Turkey,2010,53.0,59.0,Cocaine
269,United Kingdom,2010,23.8,46.66,Cocaine
270,Austria,2011,27.52,,Cocaine
271,Belgium,2011,56.1,,Cocaine
272,Bulgaria,2011,21.9,,Cocaine
273,Croatia,2011,27.0,77.0,Cocaine
274,Cyprus,2011,,,Cocaine
275,Czechia,2011,45.04,89.8,Cocaine
276,Denmark,2011,22.0,65.8,Cocaine
277,Estonia,2011,33.0,,Cocaine
278,Finland,2011,30.0,,Cocaine
279,France,2011,45.0,,Cocaine
280,Germany,2011,,65.7,Cocaine
281,Greece,2011,61.1,,Cocaine
282,Hungary,2011,50.0,55.9,Cocaine
283,Ireland,2011,,,Cocaine
284,Italy,2011,47.0,67.83,Cocaine
285,Latvia,2011,29.0,,Cocaine
286,Lithuania,2011,26.0,60.24,Cocaine
287,Luxembourg,2011,46.74,,Cocaine
288,Malta,2011,35.5,63.78,Cocaine
289,Netherlands,2011,49.2,52.0,Cocaine
290,Norway,2011,31.0,,Cocaine
291,Poland,2011,,,Cocaine
292,Portugal,2011,33.7,50.07,Cocaine
293,Romania,2011,51.86,,Cocaine
294,Slovakia,2011,46.74,80.0,Cocaine
295,Slovenia,2011,31.6,,Cocaine
296,Spain,2011,42.0,58.92,Cocaine
297,Sweden,2011,29.0,98.0,Cocaine
298,Turkey,2011,58.7,,Cocaine
299,United Kingdom,2011,26.2,,Cocaine
300,Austria,2012,28.07,,Cocaine
301,Belgium,2012,59.16,,Cocaine
302,Bulgaria,2012,24.8,,Cocaine
303,Croatia,2012,29.6,79.9,Cocaine
304,Cyprus,2012,,,Cocaine
305,Czechia,2012,36.9,69.7,Cocaine
306,Denmark,2012,24.0,65.8,Cocaine
307,Estonia,2012,46.0,,Cocaine
308,Finland,2012,32.0,,Cocaine
309,France,2012,49.0,,Cocaine
310,Germany,2012,,64.9,Cocaine
311,Greece,2012,59.0,,Cocaine
312,Hungary,2012,41.0,52.3,Cocaine
313,Ireland,2012,,70.0,Cocaine
314,Italy,2012,50.2,69.91,Cocaine
315,Latvia,2012,42.0,,Cocaine
316,Lithuania,2012,38.0,61.4,Cocaine
317,Luxembourg,2012,44.45,,Cocaine
318,Malta,2012,15.5,79.0,Cocaine
319,Netherlands,2012,58.3,54.0,Cocaine
320,Norway,2012,33.0,95.0,Cocaine
321,Poland,2012,,,Cocaine
322,Portugal,2012,32.8,48.01,Cocaine
323,Romania,2012,36.07,,Cocaine
324,Slovakia,2012,35.9,,Cocaine
325,Slovenia,2012,43.1,,Cocaine
326,Spain,2012,42.5,58.95,Cocaine
327,Sweden,2012,34.0,105.0,Cocaine
328,Turkey,2012,57.65,,Cocaine
329,United Kingdom,2012,36.8,,Cocaine
330,Austria,2013,26.05,,Cocaine
331,Belgium,2013,57.61,,Cocaine
332,Bulgaria,2013,30.5,,Cocaine
333,Croatia,2013,34.8,80.5,Cocaine
334,Cyprus,2013,,,Cocaine
335,Czechia,2013,33.02,62.1,Cocaine
336,Denmark,2013,29.0,,Cocaine
337,Estonia,2013,41.0,,Cocaine
338,Finland,2013,42.0,,Cocaine
339,France,2013,55.7,,Cocaine
340,Germany,2013,,68.7,Cocaine
341,Greece,2013,75.0,,Cocaine
342,Hungary,2013,44.0,56.7,Cocaine
343,Ireland,2013,36.1,,Cocaine
344,Italy,2013,59.8,71.37,Cocaine
345,Latvia,2013,30.0,,Cocaine
346,Lithuania,2013,43.0,63.7,Cocaine
347,Luxembourg,2013,41.0,,Cocaine
348,Malta,2013,20.0,50.0,Cocaine
349,Netherlands,2013,61.3,52.4,Cocaine
350,Norway,2013,34.0,,Cocaine
351,Poland,2013,,,Cocaine
352,Portugal,2013,37.3,47.0,Cocaine
353,Romania,2013,41.23,,Cocaine
354,Slovakia,2013,35.4,,Cocaine
355,Slovenia,2013,51.4,,Cocaine
356,Spain,2013,39.0,57.45,Cocaine
357,Sweden,2013,31.0,103.0,Cocaine
358,Turkey,2013,59.05,,Cocaine
359,United Kingdom,2013,38.0,,Cocaine
360,Austria,2014,31.6,,Cocaine
361,Belgium,2014,64.2,,Cocaine
362,Bulgaria,2014,35.8,,Cocaine
363,Croatia,2014,39.1,78.9,Cocaine
364,Cyprus,2014,,,Cocaine
365,Czechia,2014,25.9,72.0,Cocaine
366,Denmark,2014,30.0,78.0,Cocaine
367,Estonia,2014,39.0,,Cocaine
368,Finland,2014,27.0,,Cocaine
369,France,2014,51.9,,Cocaine
370,Germany,2014,,76.1,Cocaine
371,Greece,2014,51.2,,Cocaine
372,Hungary,2014,40.0,56.7,Cocaine
373,Ireland,2014,41.9,70.0,Cocaine
374,Italy,2014,55.0,71.11,Cocaine
375,Latvia,2014,37.0,,Cocaine
376,Lithuania,2014,38.0,62.85,Cocaine
377,Luxembourg,2014,38.1,,Cocaine
378,Malta,2014,,68.0,Cocaine
379,Netherlands,2014,59.1,52.4,Cocaine
380,Norway,2014,33.0,,Cocaine
381,Poland,2014,,,Cocaine
382,Portugal,2014,40.1,47.81,Cocaine
383,Romania,2014,33.45,,Cocaine
384,Slovakia,2014,39.0,91.0,Cocaine
385,Slovenia,2014,49.8,,Cocaine
386,Spain,2014,41.0,57.57,Cocaine
387,Sweden,2014,43.0,100.0,Cocaine
388,Turkey,2014,56.84,,Cocaine
389,United Kingdom,2014,36.0,,Cocaine
390,Austria,2015,33.37,,Cocaine
391,Belgium,2015,78.2,,Cocaine
392,Bulgaria,2015,47.7,,Cocaine
393,Croatia,2015,47.3,78.5,Cocaine
394,Cyprus,2015,,,Cocaine
395,Czechia,2015,39.1,77.5,Cocaine
396,Denmark,2015,37.0,77.0,Cocaine
397,Estonia,2015,35.0,,Cocaine
398,Finland,2015,33.0,,Cocaine
399,France,2015,55.2,,Cocaine
400,Germany,2015,,73.8,Cocaine
401,Greece,2015,72.0,,Cocaine
402,Hungary,2015,50.0,62.6,Cocaine
403,Ireland,2015,43.2,70.0,Cocaine
404,Italy,2015,50.0,71.08,Cocaine
405,Latvia,2015,40.0,,Cocaine
406,Lithuania,2015,44.0,77.5,Cocaine
407,Luxembourg,2015,41.63,,Cocaine
408,Malta,2015,15.0,64.0,Cocaine
409,Netherlands,2015,64.0,50.8,Cocaine
410,Norway,2015,32.0,,Cocaine
411,Poland,2015,,,Cocaine
412,Portugal,2015,34.6,48.63,Cocaine
413,Romania,2015,34.3,,Cocaine
414,Slovakia,2015,51.5,99.0,Cocaine
415,Slovenia,2015,54.6,,Cocaine
416,Spain,2015,42.0,58.55,Cocaine
417,Sweden,2015,39.3,98.0,Cocaine
418,Turkey,2015,59.27,,Cocaine
419,United Kingdom,2015,44.0,,Cocaine
420,Austria,2016,45.93,,Cocaine
421,Belgium,2016,68.86,,Cocaine
422,Bulgaria,2016,47.5,,Cocaine
423,Croatia,2016,52.8,,Cocaine
424,Cyprus,2016,,,Cocaine
425,Czechia,2016,,70.08,Cocaine
426,Denmark,2016,55.0,71.0,Cocaine
427,Estonia,2016,46.4,0.0,Cocaine
428,Finland,2016,49.0,,Cocaine
429,France,2016,58.3,,Cocaine
430,Germany,2016,74.1,75.8,Cocaine
431,Greece,2016,75.0,85.0,Cocaine
432,Hungary,2016,53.4,65.7,Cocaine
433,Ireland,2016,,70.0,Cocaine
434,Italy,2016,66.0,78.16,Cocaine
435,Latvia,2016,51.64,,Cocaine
436,Lithuania,2016,46.1,65.0,Cocaine
437,Luxembourg,2016,44.435,,Cocaine
438,Malta,2016,,56.0,Cocaine
439,Netherlands,2016,66.8,50.0,Cocaine
440,Norway,2016,47.0,,Cocaine
441,Poland,2016,,,Cocaine
442,Portugal,2016,40.3,44.45,Cocaine
443,Romania,2016,40.69,0.0,Cocaine
444,Slovakia,2016,49.9,,Cocaine
445,Slovenia,2016,69.7,,Cocaine
446,Spain,2016,39.5,58.15,Cocaine
447,Sweden,2016,52.0,96.0,Cocaine
448,Turkey,2016,65.56,,Cocaine
449,United Kingdom,2016,54.0,,Cocaine
450,Austria,2017,51.37,,Cocaine
451,Belgium,2017,74.3,,Cocaine
452,Bulgaria,2017,53.7,,Cocaine
453,Croatia,2017,59.4,77.5,Cocaine
454,Cyprus,2017,43.29,,Cocaine
455,Czechia,2017,49.088919,77.675363,Cocaine
456,Denmark,2017,60.4,71.0,Cocaine
457,Estonia,2017,54.0,135.0,Cocaine
458,Finland,2017,52.0,,Cocaine
459,France,2017,62.96,,Cocaine
460,Germany,2017,78.4,71.6,Cocaine
461,Greece,2017,52.7,85.0,Cocaine
462,Hungary,2017,56.0,67.9,Cocaine
463,Ireland,2017,,70.0,Cocaine
464,Italy,2017,68.0,80.95,Cocaine
465,Latvia,2017,52.52,,Cocaine
466,Lithuania,2017,42.7,58.0,Cocaine
467,Luxembourg,2017,48.4,,Cocaine
468,Malta,2017,,37.75,Cocaine
469,Netherlands,2017,68.3,49.0,Cocaine
470,Norway,2017,53.0,102.52,Cocaine
471,Poland,2017,,,Cocaine
472,Portugal,2017,43.9,45.51,Cocaine
473,Romania,2017,34.74,,Cocaine
474,Slovakia,2017,65.6,100.0,Cocaine
475,Slovenia,2017,69.7,0.0,Cocaine
476,Spain,2017,43.5,59.29,Cocaine
477,Sweden,2017,58.0,95.0,Cocaine
478,Turkey,2017,58.229,,Cocaine
479,United Kingdom,2017,60.0,,Cocaine
480,Austria,2018,51.37,,Cocaine
481,Belgium,2018,72.25,,Cocaine
482,Bulgaria,2018,51.4,,Cocaine
483,Croatia,2018,60.0,65.0,Cocaine
484,Cyprus,2018,63.65,,Cocaine
485,Czechia,2018,32.8,76.7,Cocaine
486,Denmark,2018,61.0,91.0,Cocaine
487,Estonia,2018,52.0,,Cocaine
488,Finland,2018,55.0,,Cocaine
489,France,2018,66.6,,Cocaine
490,Germany,2018,77.0,70.3,Cocaine
491,Greece,2018,67.1,85.0,Cocaine
492,Hungary,2018,57.5,72.9,Cocaine
493,Ireland,2018,,70.0,Cocaine
494,Italy,2018,68.0,81.3,Cocaine
495,Latvia,2018,54.59,,Cocaine
496,Lithuania,2018,44.1,60.0,Cocaine
497,Luxembourg,2018,52.7,,Cocaine
498,Malta,2018,,64.0,Cocaine
499,Netherlands,2018,65.4,49.3,Cocaine
500,Norway,2018,61.0,,Cocaine
501,Poland,2018,,,Cocaine
502,Portugal,2018,50.1,45.68,Cocaine
503,Romania,2018,39.3,,Cocaine
504,Slovakia,2018,55.4,,Cocaine
505,Slovenia,2018,59.1,,Cocaine
506,Spain,2018,43.5,59.21,Cocaine
507,Sweden,2018,57.0,89.0,Cocaine
508,Turkey,2018,62.55,,Cocaine
509,United Kingdom,2018,63.0,,Cocaine
